"soubor","maly_soubor","cas_foceni","zdroj_casu","vyrobce","model","gps_lat","gps_lon","px_sirka","px_vyska","bajtu_orig","bajtu_maly"
"2026-02-05 16.14.46.jpg","2026-02-05 16.14.46.jpg","2026-02-05 16:14:46","EXIF","NIKON CORPORATION","NIKON D5100","","","2464","1632","1013607","57953"
"2026-02-05 16.16.42.jpg","2026-02-05 16.16.42.jpg","2026-02-05 16:16:42","EXIF","NIKON CORPORATION","NIKON D5100","","","2464","1632","1031702","57111"
"2026-02-05 16.18.04.jpg","2026-02-05 16.18.04.jpg","2026-02-05 16:18:04","EXIF","NIKON CORPORATION","NIKON D5100","","","2464","1632","1036999","53288"
"2026-02-19 15.26.19.jpg","2026-02-19 15.26.19.jpg","2026-02-19 15:26:19","EXIF","NIKON CORPORATION","NIKON D5100","","","1222","1630","902358","93411"
"2026-02-22 12.00.56.jpg","2026-02-22 12.00.56.jpg","2026-02-22 12:00:56","EXIF","NIKON CORPORATION","NIKON D5100","","","2464","1632","1085738","62784"
"2026-02-25 16.05.26.jpg","2026-02-25 16.05.26.jpg","2026-02-25 16:05:26","EXIF","NIKON CORPORATION","NIKON D5100","","","2464","1632","1001693","51956"
"2026-03-19 15.28.43.jpg","2026-03-19 15.28.43.jpg","2026-03-19 15:28:43","EXIF","NIKON CORPORATION","NIKON D5100","","","2464","1632","913021","48222"
"2026-03-19 15.29.57.jpg","2026-03-19 15.29.57.jpg","2026-03-19 15:29:57","EXIF","NIKON CORPORATION","NIKON D5100","","","2464","1632","888901","47069"
"2026-03-19 15.31.36.jpg","2026-03-19 15.31.36.jpg","2026-03-19 15:31:36","EXIF","NIKON CORPORATION","NIKON D5100","","","2464","1632","849049","45590"
"2026-03-31 14.37.19.jpg","2026-03-31 14.37.19.jpg","2026-03-31 14:37:19","EXIF","NIKON CORPORATION","NIKON D5100","","","2464","1632","877316","48226"
"2026-04-02 14.47.57.jpg","2026-04-02 14.47.57.jpg","2026-04-02 14:47:57","EXIF","NIKON CORPORATION","NIKON D5100","","","2464","1632","1060308","61358"
"2026-04-02 14.49.41.jpg","2026-04-02 14.49.41.jpg","2026-04-02 14:49:41","EXIF","NIKON CORPORATION","NIKON D5100","","","2464","1632","1121581","63673"
"špachtlovaný barevný.jpg","špachtlovaný barevný.jpg","2026-04-03 16:28:08","EXIF","NIKON CORPORATION","NIKON D5100","","","2494","3118","464533","95746"
"2026-04-16 09.01.06.jpg","2026-04-16 09.01.06.jpg","2026-04-16 09:01:06","EXIF","NIKON CORPORATION","NIKON D5100","","","2464","1632","1028724","52980"
"2026-04-16 09.06.58.jpg","2026-04-16 09.06.58.jpg","2026-04-16 09:06:58","EXIF","NIKON CORPORATION","NIKON D5100","","","2464","1632","1144865","68165"
"2026-04-16 09.07.08.jpg","2026-04-16 09.07.08.jpg","2026-04-16 09:07:08","EXIF","NIKON CORPORATION","NIKON D5100","","","2464","1632","1210320","75351"
"špachtlovaný oranžový.jpg","špachtlovaný oranžový.jpg","2026-04-25 09:36:02","EXIF","NIKON CORPORATION","NIKON D5100","","","2464","1632","234278","66748"
"IMG_0323 (002).jpeg","IMG_0323 (002).jpg","2026-04-26 18:52:57","EXIF","Apple","iPhone 12","","","4032","3024","1507325","84398"
"2026-05-07 12.44.43.jpg","2026-05-07 12.44.43.jpg","2026-05-07 12:44:43","EXIF","NIKON CORPORATION","NIKON D5100","","","2464","1632","1266445","68276"
"2026-05-07 12.49.40.jpg","2026-05-07 12.49.40.jpg","2026-05-07 12:49:40","EXIF","NIKON CORPORATION","NIKON D5100","","","2464","1632","1088449","59442"
"2026-05-08 14.02.50.jpg","2026-05-08 14.02.50.jpg","2026-05-08 14:02:50","EXIF","NIKON CORPORATION","NIKON D5100","","","2464","1632","1382894","93416"
"2026-05-08 14.04.01.jpg","2026-05-08 14.04.01.jpg","2026-05-08 14:04:01","EXIF","NIKON CORPORATION","NIKON D5100","","","2464","1632","1246307","71607"
"2026-05-08 14.05.19.jpg","2026-05-08 14.05.19.jpg","2026-05-08 14:05:19","EXIF","NIKON CORPORATION","NIKON D5100","","","2464","1632","1236550","73152"
"2026-05-08 14.26.39.jpg","2026-05-08 14.26.39.jpg","2026-05-08 14:26:39","EXIF","NIKON CORPORATION","NIKON D5100","","","2464","1632","1095930","61632"
"2026-05-08 16.16.25.jpg","2026-05-08 16.16.25.jpg","2026-05-08 16:16:25","EXIF","NIKON CORPORATION","NIKON D5100","","","2464","1632","1022977","47385"
"2026-05-09 11.03.53.jpg","2026-05-09 11.03.53.jpg","2026-05-09 11:03:53","EXIF","NIKON CORPORATION","NIKON D5100","","","2464","1632","965204","50152"
"2026-05-10 10.19.37.jpg","2026-05-10 10.19.37.jpg","2026-05-10 10:19:37","EXIF","NIKON CORPORATION","NIKON D5100","","","2464","1632","1000419","47103"
"2026-05-10 10.21.29.jpg","2026-05-10 10.21.29.jpg","2026-05-10 10:21:29","EXIF","NIKON CORPORATION","NIKON D5100","","","2464","1632","1592451","118808"
"2026-06-05 15.33.01.jpg","2026-06-05 15.33.01.jpg","2026-06-05 15:33:01","EXIF","NIKON CORPORATION","NIKON D5100","","","2464","1632","918364","42286"
"2026-06-05 15.33.39.jpg","2026-06-05 15.33.39.jpg","2026-06-05 15:33:39","EXIF","NIKON CORPORATION","NIKON D5100","","","2464","1632","891452","43945"
"2026-06-05 15.34.08.jpg","2026-06-05 15.34.08.jpg","2026-06-05 15:34:08","EXIF","NIKON CORPORATION","NIKON D5100","","","2464","1632","1071391","47722"
"2026-06-05 15.34.19.jpg","2026-06-05 15.34.19.jpg","2026-06-05 15:34:19","EXIF","NIKON CORPORATION","NIKON D5100","","","2464","1632","960839","44076"
"IMG_0469.jpeg","IMG_0469.jpg","2026-06-23 16:19:38","EXIF","Apple","iPhone 12","50,077817","14,456411","4032","3024","2712157","123643"
"2026-06-24 15.33.31.jpg","2026-06-24 15.33.31.jpg","2026-06-24 15:33:31","EXIF","NIKON CORPORATION","NIKON D5100","","","2464","1632","946326","49415"
"2026-06-24 15.33.39.jpg","2026-06-24 15.33.39.jpg","2026-06-24 15:33:39","EXIF","NIKON CORPORATION","NIKON D5100","","","2464","1632","917899","46179"
"2026-06-24 15.34.34.jpg","2026-06-24 15.34.34.jpg","2026-06-24 15:34:34","EXIF","NIKON CORPORATION","NIKON D5100","","","2464","1632","856346","46237"
"2026-06-24 15.34.39.jpg","2026-06-24 15.34.39.jpg","2026-06-24 15:34:39","EXIF","NIKON CORPORATION","NIKON D5100","","","2464","1632","817647","40702"
"2026-06-24 15.35.24.jpg","2026-06-24 15.35.24.jpg","2026-06-24 15:35:24","EXIF","NIKON CORPORATION","NIKON D5100","","","2464","1632","891123","46676"
"2026-06-24 15.35.32.jpg","2026-06-24 15.35.32.jpg","2026-06-24 15:35:32","EXIF","NIKON CORPORATION","NIKON D5100","","","2464","1632","902904","44339"
"2026-06-24 15.36.23.jpg","2026-06-24 15.36.23.jpg","2026-06-24 15:36:23","EXIF","NIKON CORPORATION","NIKON D5100","","","2464","1632","1119691","78295"
"2026-06-24 15.36.34.jpg","2026-06-24 15.36.34.jpg","2026-06-24 15:36:34","EXIF","NIKON CORPORATION","NIKON D5100","","","2464","1632","1053394","70350"
"2026-06-25 12.51.30.jpg","2026-06-25 12.51.30.jpg","2026-06-25 12:51:30","EXIF","NIKON CORPORATION","NIKON D5100","","","2464","1632","870963","43997"
"2026-06-25 12.51.43.jpg","2026-06-25 12.51.43.jpg","2026-06-25 12:51:43","EXIF","NIKON CORPORATION","NIKON D5100","","","2464","1632","880353","39615"
"2026-06-25 12.51.56.jpg","2026-06-25 12.51.56.jpg","2026-06-25 12:51:56","EXIF","NIKON CORPORATION","NIKON D5100","","","2464","1632","886123","40225"
"2026-06-25 17.18.27.jpg","2026-06-25 17.18.27.jpg","2026-06-25 17:18:27","EXIF","NIKON CORPORATION","NIKON D5100","","","2464","1632","1682153","104124"
"2026-06-27 15.14.28.jpg","2026-06-27 15.14.28.jpg","2026-06-27 15:14:28","EXIF","NIKON CORPORATION","NIKON D5100","","","2464","1632","923846","49799"
"2026-06-27 15.14.38.jpg","2026-06-27 15.14.38.jpg","2026-06-27 15:14:38","EXIF","NIKON CORPORATION","NIKON D5100","","","2464","1632","1197325","70228"
"2026-07-02 17.56.16.jpg","2026-07-02 17.56.16.jpg","2026-07-02 17:56:16","EXIF","NIKON CORPORATION","NIKON D5100","","","2464","1632","1026201","47830"
"2026-07-10 13.56.13.jpg","2026-07-10 13.56.13.jpg","2026-07-10 13:56:13","EXIF","NIKON CORPORATION","NIKON D5100","","","2464","1632","1484975","110641"
"2026-07-15 14.37.14.jpg","2026-07-15 14.37.14.jpg","2026-07-15 14:37:14","nazev/mtime","","","","","4948","3280","1224671","75948"
